block_id,lat,lon,ndvi,temperature,precipitation,forest_loss,bat_occurrence,population_density,dist_to_forest,target
7,-2.8512705435547887,-73.14378357422181,0.7038702559526783,28.15259767238347,286.2990214023838,0.5970957701867198,3,78.94455245736904,27.756689337659424,0
1,-9.29517114655858,-74.0395335885797,0.23638235053913403,22.522156777406995,90.60793847185926,0.5948032146777896,9,494.22207598777703,29.39958147319164,1
7,-2.818503683855763,-73.22203030949527,0.4275822824041631,31.959094199143262,64.80211222793842,0.37220039182521925,1,488.6626863506572,21.324987362093058,1
3,-6.052135304825026,-71.26933842052904,0.43815129071695164,31.716954409963307,247.6201678490421,0.33303487180539837,0,397.1152338501118,30.77103899104177,0
2,-8.499384085316686,-79.47338504202706,0.7574451551208695,27.18587625228813,375.5598379034486,0.8849643081805878,3,330.0520580789168,4.078746280568296,1
7,-2.8885798808973076,-73.21512765880534,0.10098934380752755,19.817570285324045,345.4870458420364,0.3832842396422014,3,289.32571807529126,4.389411852907998,0
7,-2.746272528955604,-73.14899587701214,0.3406824866826041,27.616053967450405,286.54671126251776,0.49350099215440824,0,433.1846711435395,8.591473017882922,1
2,-8.609954669760784,-79.40748868817164,0.8849890994754431,19.30242681044038,98.69054711188063,0.28330476242493063,5,145.43032128812447,25.903874902017236,1
1,-9.293713574040382,-74.1630258594001,0.47990923480497494,18.41109822743349,138.98098431204346,0.7867695033571274,3,234.37292502995365,10.699733934915677,0
9,-4.024619909440558,-77.71022812879164,0.40602102419520664,29.521418247100804,356.42892929341565,0.39744815689909163,0,310.07559471388447,14.164220174628866,0
0,-1.5673006043222604,-72.80975323970752,0.19586320161411708,20.93654126757154,113.98253282991516,0.5136110465443245,0,206.18404745887605,20.015641808649704,1
3,-6.032638292401181,-71.23109806900722,0.8793317029024125,23.306379767067362,147.4537928876521,0.2533571700596614,0,214.31574059104372,40.59330620051899,1
8,-6.836465269112113,-78.47790280955904,0.11602108474065959,31.628403459666423,95.36022791840469,0.9876595923412518,7,165.81204908354013,0.6931067956430059,0
1,-9.240996618369365,-74.05119623456469,0.6897441800057945,22.715767026055445,286.6378809950439,0.2914957409237229,9,282.5516765255835,32.46894101183112,1
7,-2.8285225944464445,-73.11444047908788,0.7148798438308068,22.150856937966413,380.3938068771234,0.7707425309055517,7,425.4366894795429,33.44382655203427,1
7,-2.8493126654491485,-73.13075060619138,0.2949253728510933,30.854911994718854,144.13881105838507,0.4274956503567592,1,101.56266062515012,39.93278901783183,1
9,-3.9808501451152414,-77.70521960140734,0.6372467548904299,19.550478234465412,216.3923127475258,0.20621740508413988,6,467.28208633796726,46.63764695301566,1
0,-1.6401346140149624,-72.89310404227712,0.17434331550351195,28.634153741604845,272.0189088989215,0.7997187639648612,7,344.8547392203666,1.0068924474644914,0
6,-1.3916817748184263,-71.14970398647912,0.3056378131456639,31.832917933138837,399.81318687547076,0.33360678902904317,7,411.81333312733506,7.689185275660809,0
8,-6.9566604884377785,-78.54650801578023,0.7303215906338121,30.618144150845083,86.68282274915023,0.8651933473978111,9,278.5391556223758,44.30856470279965,0
9,-3.90284632758838,-77.81009081579693,0.7917489536268323,27.123350861889964,224.4997798269982,0.915257184917823,6,389.97883401060767,22.925928109350767,0
9,-3.956989321706681,-77.72644142543639,0.5867891301278331,22.39685112989825,184.79204196587503,0.8598238353912759,4,9.083998272394137,28.229531946673177,0
5,-1.500285059319401,-73.47084764658926,0.5054707454563862,21.560507736496433,353.0370578278243,0.03500791480680565,0,409.3718319649881,33.15136018615737,0
7,-2.8514048369354006,-73.21154620859485,0.22744321649518426,29.469571468200456,216.58870585407956,0.7873733450051056,8,21.029290683597893,33.95333022478187,1
1,-9.179618249214526,-74.12923448929874,0.15048722646332013,30.317506795323734,88.84213360480183,0.4113394664991439,6,445.0667748050684,46.58702016582541,0
9,-3.9719384161485776,-77.72016830794473,0.1941192227788469,25.3560887756397,272.0484508503043,0.8737229201822251,1,495.989410872083,49.847470870583486,1
9,-4.060090598992951,-77.64462363343544,0.28188584007687906,21.420759171010527,319.77321639235794,0.6379542626847388,5,147.73966362621212,36.00787304654701,1
4,-7.204451143009643,-71.17029815477379,0.3733396015175367,19.58120491775643,51.00843808296511,0.8336431341439584,1,105.94895958661104,14.36106046025754,1
2,-8.503676076225172,-79.39016409208391,0.4047276204087898,19.220512549645637,350.63483989722033,0.49943176986683535,0,382.9163185651623,43.98762011471718,0
6,-1.4327038173701476,-71.29050239933719,0.37705741487120287,28.06708426295398,115.10805000198297,0.5350255045989328,6,127.26014411920636,2.4610457270380803,1
9,-4.014730236534913,-77.64507368307994,0.2912442657578125,23.88166218986815,243.22427762868224,0.14438763213366723,1,432.91562920292955,11.55404264372481,0
6,-1.5426974155122388,-71.09000756900166,0.5077793974013586,30.675038239890185,195.52912524060756,0.7839873586893554,1,52.31845348658088,44.869285873185746,1
8,-6.879235701743878,-78.4746749478096,0.7602288865863175,28.35539821017469,301.87883581368567,0.41938961166697164,4,63.85164299329977,12.809575721967747,1
3,-5.86793477922815,-71.36614577932815,0.3237628307771834,20.677645850804215,179.90656517500963,0.5000801182715826,4,489.59662599520715,11.032552981087424,0
0,-1.742114556038898,-72.8230355416431,0.8539096152817865,26.592883863419786,354.41711183859877,0.7850977140957076,6,337.2456102367323,6.906264657012362,1
6,-1.517733805133917,-71.15738383352854,0.7986693293790783,24.09707636157423,305.6737263355766,0.598845400079439,0,423.59672499004745,42.955587882345824,1
8,-6.843334950208173,-78.64625455347529,0.2294113690816877,26.08149623076058,276.6996098720225,0.20109872744266744,7,162.8403592984075,25.002912959554337,1
1,-9.238028293862648,-74.05468661454508,0.7290207654056756,28.33296772673924,328.68420844699904,0.5902326591508927,2,338.5653910107816,33.74466015270774,1
4,-7.232614867963061,-71.0801176371451,0.5596699058542133,29.28674233405307,313.9080622249338,0.40763285797965576,3,297.52667182699,11.953319203751484,0
1,-9.130565981582913,-74.21482110353007,0.5532602897371349,29.81232256969414,62.57853622254367,0.46952554204386265,8,301.97190994135053,37.902021050560826,1
7,-2.8666816598893328,-73.17341168394154,0.41283421044653956,21.555648244008346,188.15702384568985,0.028311274402667785,3,341.58369730932304,38.00027724810492,1
1,-9.23251605886822,-74.0501659438646,0.5009223993456078,18.43561839884301,375.7825540607714,0.2100293495162816,9,288.1042273914202,15.629901245415006,0
9,-3.973291970967865,-77.65095840647353,0.4177430219433689,28.350126292306825,94.00349414727917,0.28103808138102826,4,215.1021222820303,20.53413165051414,1
3,-6.070870869786305,-71.22374682660998,0.5317860950079543,19.488812167580843,307.9837926512179,0.7129600078588058,6,138.68542449589287,10.484513871510043,1
0,-1.736897245549389,-73.0063425353991,0.6023600422181087,22.408874240581547,391.10713396736537,0.011492473298115313,3,384.5220841256878,48.828051166145215,1
1,-9.218336148770337,-74.08311836160502,0.6394430451272388,18.05343987774086,68.26952016574008,0.40877726122913205,0,113.90994257158991,32.28012885292058,1
0,-1.5741812798151027,-72.88488508632291,0.525984954047541,27.54337275362268,288.76785821931367,0.9240268704257328,8,346.4847987710527,46.727194035775774,0
0,-1.644635463853172,-72.82418701496829,0.6771376538629854,20.339848160597096,213.85394945536063,0.11188061654912385,3,117.433078502014,15.169277181456659,1
8,-6.85843341534572,-78.50697960855737,0.21302243942040466,27.173953735683213,252.71133938115275,0.516424388218611,8,313.0397548072725,39.094545649844484,0
0,-1.6607280868190242,-72.87497397191866,0.26958599272179085,31.884396640349745,79.86946776951369,0.786522382390847,5,373.79205529738545,38.2929321942371,1
1,-9.244722918273835,-74.08755030746634,0.7549880032594162,19.01739220254023,65.05243315342882,0.9425313075201167,0,110.13823056436306,34.582782593327074,1
3,-5.971459919525481,-71.27414554772155,0.3580223822771322,19.07909216732045,283.4033311928226,0.746776639533718,2,30.91170712979283,48.28194876334002,1
2,-8.5861667666885,-79.45920962518767,0.1183150599808962,22.76532129733345,338.1583004372512,0.7205655486444061,1,66.35589775409287,19.677766805315777,0
8,-6.930776318915731,-78.5475488814355,0.22303291973442488,30.12941119951879,323.70536722653856,0.8264880901957624,8,303.3924866682417,6.535866179487865,1
3,-6.109716731813258,-71.34582032872719,0.278891547597049,21.017418163078645,240.33200475318307,0.44620122097754367,0,424.87375670664204,33.58544296220304,1
1,-9.22785158077076,-74.09120282624825,0.8658583103156698,23.045289479024866,84.95338739766237,0.8058445326178331,8,23.45341379647676,36.46549002386031,0
2,-8.507860029839891,-79.4982972771766,0.5584331431446795,18.959075692777713,290.81555534260485,0.007964404745451126,8,367.34147826178145,28.753028672940733,0
0,-1.6529903460279511,-72.88401948470626,0.8461845923810039,28.68417407762445,134.66110924395107,0.9245610553768049,7,171.31800432907602,10.340894656669814,0
4,-7.238473062440041,-71.13797759314984,0.5601306803973,23.716288798632316,368.87404596858426,0.4433065095171753,7,239.78565658984175,25.222797083467768,0
1,-9.208879966654864,-74.22385638211507,0.48348355211028143,28.6294822628518,343.39287584099674,0.5533801878657476,0,464.50091537293724,15.60948682845647,1
9,-3.974076725863273,-77.80553391733022,0.35098215295527685,30.65050982085513,298.28403848058684,0.2548822489148823,7,166.65378086318688,21.373326408334453,1
5,-1.4405873965040366,-73.50371088761159,0.5850967555467005,21.258684059418044,382.0960845408956,0.7425308328404214,9,233.20313003580355,32.260928792233194,1
6,-1.4092718559377324,-71.1321497006298,0.21135841969402389,29.30354442475932,60.997637528945525,0.07663580647524881,2,7.8275249655798715,37.26073713454173,1
9,-4.031106849486655,-77.67526455861393,0.8186093018341648,18.827314461095547,307.6701487712667,0.8726358025468353,6,41.717761282414344,11.611234545067155,0
1,-9.348781859665134,-74.1991612247306,0.763465924113027,30.58386343452346,165.58497276774187,0.8281168290063428,0,130.03720397625722,20.266268032347668,1
0,-1.6824414485400707,-72.84214831718357,0.35402515830138964,27.110759665822464,367.12305999022783,0.2160601162447664,0,14.898268169716127,13.45807854958146,1
9,-4.034354416420008,-77.7247199530622,0.8622380220810355,30.23917413793692,143.33631883169215,0.8093243982852624,9,316.05628769807726,9.931580693093455,1
0,-1.6232666992803226,-72.91813775365904,0.7601606139324546,18.002637593792148,303.699774760256,0.7863577330614815,4,213.77278004400964,39.16936099979192,1
4,-7.258821312943863,-71.18475388387552,0.6330455086680318,20.367134984983895,357.1764568777735,0.632216597753949,4,274.524456161283,45.46263472184962,0
7,-2.9178075947156312,-73.14208987110453,0.19740952890021984,23.45663142397089,64.57988643393885,0.37352017689968753,7,88.14894576226844,18.511609284228836,1
7,-2.852728735227818,-73.16848244845227,0.48258721843845787,23.313040647246062,189.17665285721264,0.27149875418186786,6,148.67008268887145,37.56394621868834,1
6,-1.5501957665825135,-71.15236254860702,0.5048860438774007,21.17422536092915,316.80816120767855,0.23178359028935003,7,332.2484129515098,44.849764468220556,1
5,-1.4023890342362073,-73.47654917184073,0.2860410866923041,23.342567158140803,209.22161132765547,0.3186089627636072,5,482.6860590915695,42.30621052651158,0
5,-1.4583148224643463,-73.44231906995032,0.16397231548744157,19.803881968003566,143.53842042775835,0.9035584434325303,5,26.15797002750239,9.140669426961296,0
6,-1.4432191448588854,-71.15973285311495,0.7213789043773542,23.778655809724363,126.9318720881165,0.07764077598878127,1,445.30177610677777,47.81459407566807,1
6,-1.448795723564328,-71.15216193042207,0.19762804169951603,29.2329606082297,96.03139342073227,0.8288712762529586,5,288.863719454293,18.833822021473125,1
5,-1.4398883622228285,-73.43181542177423,0.5754326004494198,24.706980883446917,349.9953459496988,0.34889007504182357,4,282.39586381105624,16.962033058691816,1
1,-9.17513493022951,-74.13617483114996,0.8491593391069285,18.25200124523301,251.3743911380446,0.5215993960113582,2,250.6389890686724,3.1215663638890168,0
9,-4.010374611024234,-77.68155944238235,0.800884154078434,23.900216582109465,76.73473074700959,0.7944856336484907,5,35.62764886618751,24.30868270524415,1
9,-4.054385424707589,-77.73765169618005,0.32220209899940894,18.38045022527182,183.9031132497224,0.8843765470229713,7,45.84854901634417,5.450680782046435,1
3,-6.072980722394914,-71.28634324623856,0.7811589100410123,31.527407749895175,178.70677778178847,0.344781420072647,8,300.855090823884,12.426991046371299,1
1,-9.23406451266993,-74.12479798777679,0.10026600489639154,19.784355431920165,113.60871674831205,0.4618434812751103,0,171.13832714634358,15.847131088364069,0
9,-4.111604442131039,-77.68670282949705,0.11415024769060578,27.90763656862866,202.42766891526674,0.41451606481679226,2,458.71676522226267,40.4413161745842,1
3,-5.973497741367839,-71.20584078104041,0.5820425310742919,31.6188685204892,166.23477788759774,0.013251033503910548,2,203.88867814237665,43.77443251979483,1
6,-1.5704344113187172,-71.15005061156785,0.3918385753156236,29.564546723332008,169.63129692226389,0.2959428888586566,7,72.4974478926179,15.123315873073484,0
1,-9.201847365191506,-74.19458734550298,0.40916867292731773,27.790415251766852,308.6592952257855,0.4591892337325618,0,357.644697917516,42.93490606222869,0
3,-6.039037574992808,-71.23397756449127,0.551552872543106,29.75245273301074,128.14218492681871,0.4110936088804398,4,147.3833572990639,42.861546868489555,1
8,-6.84867827846232,-78.39709557277178,0.2534259644734885,31.745181705648786,274.6509855993744,0.7219292275156795,2,263.2096833705907,38.232547519243674,0
6,-1.499193037374078,-71.14944443319142,0.2694042805323827,26.698822961549414,249.7273683583272,0.38480361722110323,1,349.21855996707984,7.334755700759077,1
5,-1.4710365962920966,-73.5741623407401,0.4876812696150918,25.82858729561057,248.83237931825354,0.48937644897067023,7,450.23179148983314,34.51614234503645,0
7,-2.8476125389933276,-73.173700093233,0.7034028354750905,26.79533354648594,282.0525711496216,0.42960859213236335,2,396.30340620603636,47.25120322902844,0
9,-4.011196400348104,-77.71261710230559,0.5955982011260702,25.45746241466177,241.93371266847888,0.7406261488943705,6,338.5041728684893,34.12702393835785,1
7,-2.868880479355499,-73.18653817987466,0.33788403858947114,26.891247482736063,357.7392901962346,0.8629723989869625,0,340.1369580151767,16.580842455391696,1
6,-1.3993055524470295,-71.10760737974593,0.444269742007137,24.29779091161583,286.45303218259096,0.5318890790075141,5,473.01639737201117,25.028965871541565,1
8,-6.8445915738399545,-78.45087394216227,0.23653180683999875,21.0582045603663,241.43713797998583,0.7894321941951912,2,148.61622465077147,32.28625216755268,0
6,-1.465122207177953,-71.12069858748472,0.15970385146966537,19.683461171163458,340.4170921006757,0.2967866820198506,7,1.5549350038975165,25.52852043642518,1
1,-9.275580120884563,-74.12624840417035,0.7261568325953194,18.956773097451645,262.1512977267179,0.5413696101572687,5,136.70532513970113,5.997647086548491,1
1,-9.24354444816243,-74.06331156071832,0.3123099273505557,21.686420972544802,151.90048672481265,0.34522995366997244,1,109.72779843374525,15.603202232601031,1
8,-6.912298505078449,-78.59447916353977,0.24221311028099857,18.645729900700275,122.48322136179992,0.4142009255718303,5,331.2554579718851,40.119801527681624,1
0,-1.689422785046521,-72.90978269744092,0.6532944444554555,25.940390918871397,103.31472498193757,0.7324138648126686,6,317.222088282999,43.07090230477587,1
4,-7.283060742654557,-71.18255768000263,0.5944413394297489,21.973598258329282,364.8093243911356,0.8816624823327127,4,297.1372299696572,6.865001635778512,0
8,-6.783479838084675,-78.52133521387566,0.6065517008107713,29.54348731321845,298.547401129323,0.12149539108776541,2,9.105478161517397,47.61933761993623,1
0,-1.702709913134628,-72.84864315827987,0.2831156838772909,19.03937222183741,378.0824533575123,0.6346392564873805,3,364.6602491708731,16.441130892430465,1
6,-1.5193509914529768,-71.16491352216165,0.2861164308501448,21.168920920780803,261.15213200023004,0.5821438075777985,3,162.44167583026027,33.115686936536,0
6,-1.5418775640847004,-71.2001796644699,0.27664210382851134,28.22344605926204,215.6903085232194,0.11841503917593188,5,332.8629385143089,37.591257297834055,1
1,-9.270362304562049,-74.070852985702,0.23900207652983563,26.38331614936888,70.90077113981127,0.21189433044010908,9,278.73263582257454,40.59731173189417,1
6,-1.500341721687835,-71.16665071085502,0.6245789380493251,18.902877797488344,285.0747985411104,0.31100249473268027,0,172.02273178852568,47.287485111296505,1
4,-7.225078600815668,-71.14721984502899,0.7784127081995211,30.281352400270805,253.77306591888092,0.16693107081750147,3,68.15355728494977,15.64597740144113,1
6,-1.5078631607694453,-71.12732448747099,0.679453975741329,30.281664679566514,396.5731127556675,0.2437294825243418,9,48.11502993257999,42.92532272757772,1
2,-8.640925203450287,-79.45605188079693,0.7336749070084346,22.625712054260834,133.70557222378505,0.2676007988617075,3,415.92764822299955,6.584345171810352,0
2,-8.636623395189718,-79.45583217645586,0.42383874326815985,22.765681806893905,235.75807435039255,0.3356738330390596,9,459.28037349869743,35.25204531767964,0
8,-6.828954061236632,-78.46826401045726,0.6232606362975985,31.846397016902433,277.8350672913254,0.749390452801159,0,325.2442353353855,37.098886475699295,0
6,-1.4817364877674468,-71.14730940101626,0.38338899235581964,26.766466402303934,275.60691115982024,0.5719122038506007,8,52.613623315381204,33.88616206006602,1
0,-1.6324199465463707,-72.83084004211469,0.520403697574912,25.438431287952827,246.45274003194095,0.9862466719514015,3,201.6115812272321,12.61573680675765,0
9,-3.9443735848370047,-77.68523309993047,0.4853078772278899,29.734130569726943,321.9248036145289,0.414735826967471,6,364.74066085247347,43.65215735076017,1
5,-1.4743429220791133,-73.38787958157178,0.24150971611508354,21.99406473700243,121.74342333438575,0.753865073836925,2,390.130621121024,8.44292316851975,1
4,-7.284191161551999,-71.13185562017908,0.40966300826850466,24.008556307548997,303.9695200960455,0.8714684213765338,9,59.99109252325321,2.681739576041542,1
4,-7.2131253771684785,-71.12042762756501,0.8710578203858809,21.748873456836677,266.9071000015812,0.6789784930380419,2,1.0153287038458254,35.87324953059561,0
2,-8.49091482060627,-79.40291292549325,0.2988642061719537,29.048251852242238,363.62628912810067,0.411864740417496,7,356.3563858944219,23.773785761636685,0
0,-1.687236009821955,-72.87079900340672,0.20704298902359097,26.026890838893053,346.5180536617536,0.753594630745753,7,178.9414918171166,42.454900997933805,0
4,-7.20557386061209,-71.18421894590901,0.4348644972991482,27.223550981960987,160.30146369639365,0.20366713777268486,0,127.98618447751187,19.16985705291295,1
3,-6.031322933295891,-71.28925715822413,0.7322701886881186,21.532301497751693,146.68306374130358,0.3275521651801324,9,7.435837424973195,8.413929425385641,0
6,-1.4069781604822087,-71.17810322101991,0.5657185838239779,21.083154219282413,393.57866334835677,0.5466852550992888,1,270.6094039739883,41.82210962349349,1
3,-6.0645233401822,-71.3130664275778,0.6447798617905957,24.83724480576114,234.54281332033977,0.5754093872861483,7,425.7242169775649,27.445481582003584,0
4,-7.164928029576115,-71.13643603261245,0.25175587853974174,28.325920487299577,367.2473373700529,0.022141475472629457,0,478.85819149002134,9.459789619517744,0
4,-7.241355154594999,-71.183802118475,0.5951585544061773,25.353356605282244,107.35835832316877,0.9451141887560087,7,283.3067303560313,36.01919992932229,1
8,-6.897644342370178,-78.51004504041897,0.35880031592917905,18.45703948563936,274.986620180061,0.69662727121739,7,257.7162025422072,25.555681924475028,1
4,-7.217111619524346,-71.16026001325807,0.767442692763814,30.159721088484044,333.45106557620517,0.49570375023189106,1,43.44313635913131,30.215649112015992,0
2,-8.54377180709853,-79.4600768358577,0.603439044808589,18.905616509211843,381.5883373552564,0.9331272344083084,3,274.8875279697573,23.044916910329093,0
6,-1.3800205699840995,-71.12707504235334,0.2590850222202367,31.38154277209053,168.0690493559582,0.4390955652508285,5,190.6095604037319,41.43544919090032,0
0,-1.6488877296656124,-72.90107484762365,0.15169334387526892,18.35198741588182,303.74340947341835,0.9804355702703718,8,303.9605051609049,41.47813578415249,1
2,-8.551230749906436,-79.42605120889624,0.1341065674296262,27.722306385829924,238.58455316386667,0.5122847572434851,7,194.9744475903968,35.46944109121931,1
9,-3.903580195862923,-77.63410107881444,0.3971268541201126,19.150898891964943,71.22012412326387,0.11428576999797946,7,120.909262601733,5.270068869823113,0
5,-1.451844222976173,-73.47156850463354,0.31268090932345083,30.749472112091954,291.4999080581302,0.7648009724592773,6,48.387672338959874,41.942693095203445,0
2,-8.593108412007304,-79.4971005454567,0.6168720987700065,24.5020653071576,291.5337953832452,0.6788977250778405,8,158.14430384985897,33.55064902664549,1
1,-9.164003512217555,-74.15034640050379,0.49946706798289464,19.925332847438217,375.71238169628793,0.7729867213055868,1,49.225772309588386,34.85120830021498,0
3,-6.067614974003998,-71.27796302420722,0.3128154224043046,22.771419797057852,224.05935615914035,0.9514420287256811,2,89.27157846116798,18.149142020193583,1
0,-1.6973269725257336,-72.9037244062577,0.2193902223601409,20.30754545485467,130.58782224868014,0.7764893026510181,9,493.6807431311934,43.963977807850334,1
0,-1.7072906435784438,-72.92353890688472,0.2017598101499597,20.38814676179926,65.59733820703771,0.6113366022166469,7,222.6076748964027,36.26858001174288,1
5,-1.5287091716006476,-73.48100359493304,0.7917283137123342,31.27351648240019,195.474765340067,0.8573089023608409,5,266.40401148600324,5.629523326459723,1
1,-9.215143366740973,-74.1306553665231,0.2947823747238938,24.233445571987033,155.67084502712564,0.6732464393545315,9,436.93564583987046,20.388901720308134,1
4,-7.235499731403685,-71.14284024689464,0.6213685183287747,29.043231694675033,316.38090710835644,0.4081190568259231,8,497.7888813448532,44.319018098007085,1
9,-4.157295803739832,-77.65314710153562,0.748548742389013,26.954477856487546,173.99371769436632,0.8856197642417732,9,291.77451022299607,2.3598350848689496,0
1,-9.24521518458044,-74.13141314163302,0.5912650489477889,27.46996907273749,382.17491871019536,0.22190046078437287,3,406.42443670104166,48.07083098210248,1
5,-1.5077925329770314,-73.54799495901514,0.7876521853175567,19.84370813860854,386.8085710457245,0.7146412749087242,7,164.14357114400096,33.95812841597814,1
5,-1.437255651971807,-73.5086685833938,0.41391497722277965,21.2785822554168,267.31800657619783,0.8815634549407569,9,153.56623476619825,31.56879888216883,0
0,-1.6930275391820664,-72.83545863054839,0.8649777525191586,29.014504692162117,375.031100455209,0.7313165197032963,2,201.94915677628555,13.52796282439957,1
4,-7.095641733615963,-71.1184877775367,0.20651600334247755,31.590726890646962,316.2990205800735,0.6972754190538569,2,336.5811240741509,12.439589436958853,0
5,-1.4120572412482377,-73.46279197640044,0.18171962372603048,21.677458996381123,241.40087434129416,0.752638294071836,7,341.41365293829426,47.102910974429776,1
8,-6.882432564245292,-78.55102301763716,0.6269537169659549,21.80196270651456,113.10777739797234,0.4650552483006444,4,158.30447789007596,14.913622711706138,0
0,-1.607383454667394,-72.83638476050258,0.8542649131306095,24.620559859352667,210.509280229844,0.874170682157026,2,67.47175214417771,38.77526483594997,0
2,-8.534634067364358,-79.40915080729123,0.7471067693090625,31.77376437997613,246.30606217691616,0.2034364751360912,9,316.56573197628876,19.65608991035396,1
0,-1.653191318785036,-72.90875097289872,0.16113348755044116,21.765425241570593,352.3865532572536,0.1273864160003393,0,65.0346052321935,6.962703539235199,1
0,-1.6247319958286768,-72.87605839628135,0.3234941711477731,23.697606734879695,218.4666817874827,0.28550878011851155,2,289.6677616064357,0.5357648847679475,1
9,-3.9806837993449804,-77.61144637396228,0.8442551078702589,30.480720218729093,364.1861354372848,0.5315773967749932,8,347.01764190009817,27.21286685076254,1
7,-2.81200110498356,-73.2191764515297,0.3024467462406277,18.040894456699068,286.02214265821414,0.5105617954093381,4,350.6051367008314,48.78894092744663,0
0,-1.6236969827951,-72.9592342248664,0.7249363390295355,18.556723509839973,97.94967206878498,0.8205987576765866,9,376.98258321913875,18.456809690460226,0
4,-7.1199819860892335,-71.0831810693493,0.7601057567429631,26.45700347899707,398.24347926378255,0.4045686564040174,1,436.5568513612666,17.859616699652243,0
8,-6.85037729608382,-78.46295744289382,0.49636168276878545,30.703322305979857,234.53143126386942,0.48434442629150865,6,250.47953699042944,17.204580892472105,1
1,-9.254491864731571,-74.14244386611568,0.4090791278786524,21.343993245626987,187.1504037431776,0.013367683259395635,1,365.394345575256,26.027191865242923,0
2,-8.662356195753606,-79.46364535028648,0.4600995459358077,24.574984845529926,280.6898175643343,0.4097392364429391,3,309.9671949475525,22.033244171214676,1
6,-1.377531876711389,-71.21612462725423,0.28157175549229135,24.306514223209454,88.11265989336367,0.6477742329503421,6,94.13332995904359,43.99573133635072,1
8,-6.876099130323401,-78.51534006784857,0.8115127329030755,24.621598845337143,272.788526363674,0.015508330626592182,3,13.819132789834676,25.276039586174516,0
0,-1.6381241441049847,-72.81568420563565,0.46049572538380634,26.715275740216434,224.38260017474553,0.28088196518624375,6,142.98615145278995,25.38789190942844,1
8,-6.767641682848454,-78.54691792356698,0.8059675523648799,24.576412681869574,192.3359244995041,0.20795635928938994,6,222.07381946247207,6.91857973602783,0
9,-3.97200722701148,-77.66861137320707,0.18455478392501928,24.26455397851441,383.5570074126147,0.04198542890958823,0,308.93586626989946,49.136977045519295,1
0,-1.6745981217029222,-72.8507936985347,0.8906202168001052,24.640037886037646,232.88890085621864,0.4792600899145375,5,425.12970592109946,12.498644543441484,0
0,-1.5938809597318608,-72.84508904686017,0.45461846995489463,26.27214417779458,126.69111781447845,0.1817232932281565,8,98.92661263637666,3.668203372980133,1
9,-3.9603504896798087,-77.73668193117571,0.13826465631528437,25.51810483691902,210.63721778205453,0.7430815396313801,1,63.64934515934007,33.15731244876044,0
2,-8.531589372762737,-79.47572697033975,0.13041747858996394,29.95790396710706,371.78559160043545,0.8479278837633485,2,481.7764937896894,29.768318507843635,0
0,-1.7410226521326362,-72.96631851312779,0.6969658059854709,18.692955948911333,111.63341496570813,0.5455851826691478,9,54.91423512882715,20.757282699637287,1
3,-5.970338275170401,-71.29388334979348,0.6272284273629447,29.666439000622177,124.88496354088292,0.9817073425211416,4,239.76704398348738,21.1096116940339,1
9,-3.9646079396584226,-77.65429219924482,0.74170444650207,29.814944576564137,54.56034871497931,0.45047857147059533,8,293.19630066785766,39.253196052321556,0
2,-8.629474121985062,-79.5044623708982,0.18429402716224477,21.988712301433452,54.96651728851851,0.5133682102249155,3,271.1458360328117,9.785632004982453,1
2,-8.536639947418243,-79.49701084388592,0.12845669362843867,24.47992737022191,340.2870694354794,0.9892177539577501,0,43.930046359438656,41.012665947244486,1
3,-6.133760319228118,-71.2335403879826,0.5068634315580628,24.139538839524096,306.2429123950345,0.23154843596504882,3,29.456430087806066,32.437355694750906,1
7,-2.706919902661784,-73.16204432310688,0.41007618518621564,21.059137680957825,174.26436975818538,0.9425459396769053,5,53.6362303030568,20.94848868897622,0
3,-6.085726775531619,-71.23105671667815,0.46955754933676463,23.55515585920843,294.40890502965044,0.042837555119113246,4,293.2082542524336,22.90143082919343,0
2,-8.480305014712984,-79.51615678819759,0.8932707270962192,18.62142881039196,188.32207420848957,0.4463868902631948,0,272.62809892952623,12.83236035930479,1
7,-2.864666440193367,-73.05397984024152,0.8765999661365362,21.88950901894428,383.5138785992396,0.07000351213306577,3,117.63665522633538,37.60571663484874,1
7,-2.796007377238898,-73.2429704064149,0.8538523117385544,29.43355045631005,388.4684384991122,0.729234742913643,5,319.2492967809502,25.643737115263388,0
3,-6.076240448363006,-71.25783751348126,0.7270741414141391,21.983872224680567,187.47782153327017,0.6084089358800178,9,410.21368352576906,16.04272713749218,1
8,-6.813081283599912,-78.52772045627249,0.38387308820551236,29.454893362475467,348.97766721930384,0.7066342634675964,9,21.747900963450288,29.80250578804751,0
5,-1.4936628572821125,-73.54805603464938,0.4297047442102173,25.44239250446203,320.58116459411315,0.37448039996801696,3,249.56684183047315,49.78672260256615,1
9,-3.959998365747619,-77.73097694328705,0.5396928349751396,30.31807748305624,158.49997801012626,0.3694819340313803,8,344.96589563924243,21.763113982827694,1
2,-8.560141433919956,-79.45683038114878,0.764427565123872,26.046913759701813,131.2139401153871,0.045319278960894605,4,126.90365160777385,46.03457003893098,1
7,-2.8923019021116168,-73.21468139829972,0.15497026601461422,18.41535512290636,210.38212763749183,0.3499449395296398,7,154.5776817412814,17.250841996228306,0
1,-9.206596688498436,-74.07273431886007,0.43943750870791054,27.455882905659248,323.4720942150422,0.9292884022620594,8,307.2053135917025,2.7366353462492943,0
4,-7.2477664974597955,-71.16040757834567,0.16609413076741497,18.62794995232996,386.05872465506087,0.37922653718044896,9,449.06971142842474,10.212105318421443,0
3,-5.97836839588215,-71.33261361271887,0.5117260692588093,24.308358265763875,317.2526741033004,0.83136770622197,4,405.1522857311468,20.93475716638421,0
9,-3.9951803334655387,-77.78377274877985,0.8191206592049883,31.011973722623594,349.3224447564295,0.8423255047499341,5,291.9819793306922,10.981746429728451,1
7,-2.8278568582388504,-73.15187448317597,0.7259879396511504,20.312855150729902,261.0725071596808,0.37324115637923383,0,365.38063716086737,0.011351910912776875,1
8,-6.778790721476156,-78.59412622061407,0.28227393403448797,23.458212941181618,342.39274079474404,0.631988680396189,6,183.04641263369155,45.75007688737636,0
5,-1.3628150804613524,-73.47290265512866,0.880792679679034,28.218044323878697,324.5473003011962,0.09537160227305863,3,320.8417985212801,42.19397056154645,1
2,-8.521592955213302,-79.43576300190973,0.6338803184371428,30.351619785327866,181.94493967419803,0.1036785807342765,1,233.62461397265093,37.11461157434736,1
4,-7.236961628047678,-71.20209405926875,0.10834215951792246,27.393202066395112,243.1966057422524,0.04865766366171331,4,95.77813209232289,8.390729782301431,0
2,-8.579627719416713,-79.41345885700433,0.3043307877481756,21.61442555867637,331.6635926963932,0.5810150933751095,2,351.1673986647513,6.018178810499303,1
1,-9.272735880748893,-74.20548518112489,0.30857063993593326,27.444509940827025,66.11985696648473,0.426070977626097,5,278.6758540370622,3.3802374736191574,1
3,-6.0618959447102085,-71.25072693246804,0.15540344502868797,22.15418697545726,332.8277488245405,0.5480323566642401,7,179.95216939484212,36.20145943864606,0
7,-2.8376991499626323,-73.18422563438634,0.8678612144607433,28.058009217462292,112.2608434171582,0.5210731905083879,6,455.7582558492367,46.44039803439426,1
9,-3.8851746947082595,-77.71841637093293,0.482604235660739,31.356463786190567,230.13926599250362,0.3502029910907303,2,11.4461247955399,21.526791045651848,1
1,-9.24166311502564,-74.17849033208583,0.8166516778975056,28.099508315488038,332.8964038445782,0.6774734148234729,7,158.5708024734985,5.957033599802408,1
4,-7.283907273386413,-71.19917739129254,0.3577724027557027,30.080327040773774,138.8373773548432,0.7585018809163907,1,29.383817491045633,25.61964103660533,0
3,-6.028550772176262,-71.18460977791693,0.2001868563462617,18.029453804462367,136.03260375715357,0.014628258877675715,9,383.49713079459195,17.441595372931506,0
3,-6.021727614244478,-71.20479212872438,0.4794688879249711,28.046009746242323,190.96753946178816,0.2072422997688783,8,351.35161960278253,18.741246217499885,1
3,-6.028852262540008,-71.22844564974177,0.19116530777145374,29.614225796113505,363.1249791521721,0.7132358680833368,3,166.3447571494222,31.066531207785363,1
4,-7.182620062047248,-71.10533388589606,0.48881240238203194,18.56782232562554,50.15497350302276,0.3866201726338342,0,338.15578820132947,35.93590566311012,1
1,-9.228351755915012,-74.07729482270324,0.8362377449755263,30.20236818203523,365.4840838246772,0.6624839469416082,7,198.57267587177898,5.530179943658043,0
9,-3.9449509684506383,-77.7286342827607,0.5166145134673702,21.593719196340643,103.83245862456272,0.3469626597345584,6,378.3706419197947,1.7795115403238193,0
7,-2.8630358304903196,-73.17980256011582,0.5931997815160668,27.314089427692775,396.5302316236187,0.3907551523296371,4,227.63764770561633,49.71651513428574,0
5,-1.3928604482794886,-73.56234937768318,0.22531074957904665,29.204968306327693,384.19644756346383,0.15867887368968492,9,206.72758418800112,11.636417445777592,1
2,-8.548270663581727,-79.46248054253346,0.13498850070397558,27.277303182830977,223.13631635694915,0.25823101966616,4,467.43022782866217,2.6915262454229536,1
6,-1.455586101789219,-71.09570716226783,0.18864636974384563,19.2919870890256,229.45208673441985,0.6054117575075872,6,126.18867084545941,9.493766454795999,1
5,-1.521122514877415,-73.52175932119398,0.5788252605474925,26.348501264045158,218.542269096549,0.4331631113151664,4,61.10322265828615,1.947892317423211,1
5,-1.45830557062343,-73.43756689854676,0.17600935919384375,25.69417119411001,272.4052759808329,0.7743026829445951,7,292.6870135164696,19.590544730858582,1
7,-2.791465409953919,-73.17760345077185,0.40079431195304915,30.6044977530398,81.75259578222587,0.8525849549383427,5,484.69158432980527,40.120089222566214,0
7,-2.8825070844786884,-73.25145133099002,0.5400735523665249,23.659356215018928,61.416281919548275,0.5416464182167599,4,189.54176764986613,17.062222487886032,1
4,-7.305559202595891,-71.20769226673985,0.41092223890387763,22.4951353592187,70.1960249455646,0.7582672920560591,8,31.95634505076198,22.209170343918327,1
7,-2.8093353616069607,-73.13621759422115,0.23094704117224119,28.497910702110527,205.52787223453004,0.30690451319457,1,170.31332838747414,33.77933867837194,1
4,-7.247043114349284,-71.12470008680963,0.31903304601128524,23.777454565167552,146.4417787268192,0.4149712154000782,0,253.45989550545966,25.444703503494008,0
7,-2.8110225893306473,-73.17709453405716,0.8426540262788617,27.04534645007088,267.7138468298478,0.712777676216831,7,81.79958030947463,43.07228430106621,1
5,-1.5464487237316555,-73.50242554949352,0.6407858204690844,27.050301261744497,397.3548012811726,0.38621199281703067,2,329.39300681018955,43.301783752287825,0
0,-1.7428899043281818,-72.86345149252278,0.49683827094390925,30.43254690104165,185.21311057676306,0.5885049351589888,6,498.8769451160901,0.49553477455768213,0
3,-6.020299562382477,-71.2215350667053,0.11017191198951481,26.381693632467364,250.84443893657968,0.18537277908251149,9,226.41799851474048,38.90231532415996,0
2,-8.57838384104675,-79.38420309716871,0.8939323203915762,25.030150539467815,195.46136356756742,0.599771314970498,7,178.0095498083761,23.036680012083693,0
7,-2.929553638844943,-73.10599852773451,0.6371639479157146,19.944198569551236,346.5450837026508,0.8615137072268936,5,200.95137925039884,49.442027065183154,0
4,-7.155449682271121,-71.13372829603462,0.353537981875956,19.620326493501874,365.78274121178333,0.8686396398234256,9,58.457943019205366,24.161603793771757,1
8,-6.928319898103991,-78.52838426599729,0.8034149279982706,20.16050191396311,357.074464271841,0.7243444063295397,8,441.7535271116857,49.344797269414876,1
5,-1.3532306725812282,-73.48141155839018,0.3067452962334545,20.40587873857932,391.03028353774016,0.745753379076126,6,207.99800210515463,37.72846806028683,0
1,-9.263002867927392,-74.09348948207405,0.5352132633462013,26.930279297290873,59.63171479914535,0.5579274451507007,9,194.24993130099583,12.430244230665316,0
2,-8.540816624592606,-79.43209241400082,0.6088566109838601,28.373737503844097,343.93565675093583,0.5846680901658248,4,330.1854461923067,26.919748964347885,0
1,-9.149454580963605,-74.0541961680798,0.2768506971629828,25.41988132096986,313.1202605636826,0.133650581410518,7,221.57467704463065,49.60678197392914,1
8,-6.788965348303361,-78.41399989538323,0.8827178230404767,29.606248255636874,130.04304329012768,0.4438591884213011,1,324.4685009351152,42.87653038759618,1
0,-1.565557788297704,-72.88424262288493,0.6985535247831981,31.877685174270866,384.71203268563465,0.4507762838863638,6,31.661698775262966,4.868344689561055,0
7,-2.9001724747314515,-73.07438849226531,0.546250580408856,29.480176807670983,101.86227488048091,0.9584978356677402,3,407.0479485173915,35.3185998404998,1
6,-1.5323903251849333,-71.09626591240686,0.24447567854024072,27.72835323146343,287.8424744968679,0.43108686262328944,8,470.3114724868219,17.27897929354065,1
6,-1.4642971866048695,-71.15991902425405,0.1430865655984209,25.454897792120054,128.71157588556937,0.5493426449027576,0,324.7339276935336,0.34911309401740587,0
3,-5.988646663637645,-71.19062163722471,0.3560478660167868,24.283943003445916,200.98322707092615,0.5332513992791025,6,477.32839850054654,20.17404845134998,0
3,-6.031195407701513,-71.181267464097,0.7025498687307223,19.181493327623592,301.7059639305991,0.6367617170443272,5,76.56472487061168,11.737721086248564,1
3,-6.1125337373182,-71.28856465137765,0.31546503864162007,23.591162477525675,247.16362471156634,0.7482328313318959,7,239.2306785506965,40.94346352602358,1
7,-2.799189754839194,-73.09557197508225,0.5316449763964041,30.74188491494988,199.6256409648391,0.22504187617087212,4,301.30156023877817,16.866530442288273,1
3,-6.040346604944232,-71.21179573811617,0.6823577413845946,29.31231681869174,164.21845082619552,0.5287244190984357,0,291.28658706317214,41.37618469769085,0
8,-6.873248992642596,-78.4013597250801,0.1863549717171715,21.02471911016362,343.8808794980766,0.8259177073160304,0,201.32942776543257,0.029896941739765426,0
0,-1.7787621294995761,-72.89518182050419,0.6482384128926988,24.532508985761023,100.3350226101848,0.46311471383751146,8,169.70412027376443,15.390957501305957,0
7,-2.784144452563518,-73.19985407489334,0.17349671016803578,29.434124835819624,200.53600678543003,0.278457546373573,9,64.28518725265899,12.058260715388098,1
2,-8.553634449984633,-79.55932886768024,0.8721037937015973,18.943383766997314,366.3151501212998,0.6547090753562991,5,196.4794828305768,11.67836805343055,1
1,-9.142043803651015,-74.09103580390841,0.4907153040519517,23.42349619936123,346.0473426609887,0.823767395799123,9,82.16774673763709,3.409330988273135,0
0,-1.6685899909356068,-72.85521732862328,0.2205408861679019,29.925777316235266,190.32961686556635,0.06314029292739132,4,367.44847256961697,9.356213520525086,1
6,-1.44728004378362,-71.18302755832157,0.3739069088268372,23.654570098381733,317.0879272604579,0.7767904834072271,0,105.2066368118004,27.777478494280995,0
3,-5.9890431267272675,-71.26964241574237,0.43073315943620916,19.08660502624017,338.1062907481007,0.8216479329617712,5,30.224087336982393,14.568053641887225,1
9,-4.070695420991064,-77.77802752265515,0.7065480088612299,25.59548115945152,361.1105984012704,0.4615229275886068,5,276.6307027707999,20.869739116457396,0
5,-1.35106192285667,-73.42880171113954,0.6947390288612875,30.064394928856135,240.5770191672298,0.9833056568184674,2,298.0196366269814,18.843344017359424,1
9,-4.004926962454135,-77.7369514458728,0.5895524042698649,26.263997601344236,121.56131011914913,0.7867083407073091,7,436.08461757897226,43.795246249994726,1
3,-6.005905705425406,-71.11084742838692,0.18474457004679437,21.167907514999246,139.35817677637607,0.7736625648956658,0,288.91382459642324,45.264949950525775,0
5,-1.4498678198392922,-73.49750402381667,0.22125549727013888,23.37935468192334,153.49313591456146,0.7478385744120718,0,173.3949460079994,24.647848582793003,0
8,-6.903676251094318,-78.55776862353147,0.17500553651644532,24.30172705654705,257.8308682833654,0.150608103218274,5,401.70292888163397,16.50779751578022,0
2,-8.468545636426526,-79.47861141712981,0.56173822663004,26.109728953487377,61.48336844501296,0.2172308864530108,9,270.5991677005231,5.340035200118182,0
7,-2.8107208993197124,-73.25278078653375,0.8017107532091232,28.630914360536583,272.6148640729889,0.463990131464425,0,40.56086203096468,47.67014396910475,0
2,-8.571568284844272,-79.43388216665792,0.44704040980381743,19.384230646968895,177.5239834498812,0.26400434995946587,5,283.35942959631006,3.0113472450148726,1
8,-6.856011646575381,-78.54078266646802,0.22867853916619696,30.45512846224593,153.33463087137474,0.41524097233404045,0,454.1012541654095,14.882513878414022,0
5,-1.4436843102562986,-73.43216131926124,0.5464338601191736,18.17233584222506,357.82379975484423,0.8884641099229207,5,198.76000012361206,14.903310058500207,0
2,-8.56035474475842,-79.4717331359518,0.749401773492568,23.180732685439573,211.0008384532796,0.8243268918792692,2,148.86657514800024,16.020064307010745,0
7,-2.779922167268272,-73.11296063212225,0.693369649210344,18.383884339617207,83.26856593644247,0.6300398784799822,7,72.59125905199201,8.214342163620463,0
1,-9.316045638431351,-74.08172271247095,0.8051606237400172,23.501639154834077,339.36136880918644,0.8581203942511035,5,76.57131544574331,39.15807154618486,0
2,-8.59829315249023,-79.45656592235716,0.32232167779909426,25.36137638422653,66.67444010277731,0.7837723890172492,0,216.95297068656762,6.124893098299461,1
4,-7.329544638916974,-71.073314661705,0.2551630938142199,25.163539412141166,304.36222845886886,0.4289849318408905,4,298.24423225660325,31.74533295765814,0
8,-6.763086636852655,-78.4721730084272,0.803853188753551,20.318796858395714,320.8671776197328,0.20106515204994513,7,41.227087179631276,6.192301335290873,0
1,-9.132602425098717,-73.97228485860364,0.6260482502224185,27.04036714133857,173.41091207510036,0.5142010400093392,2,469.8447259235577,3.526781879647828,0
8,-6.831606241318154,-78.54026044372797,0.34874314400604334,18.626898307065353,338.67574969722534,0.7362288825285501,5,377.81167510515274,45.47147518429382,1
2,-8.611525556544557,-79.45416495592015,0.6938784404580074,28.666695481853814,230.4807920497587,0.436419598729593,4,293.7253352235477,9.506438315935284,1
3,-5.911140121921615,-71.18711442861742,0.7520947075842943,31.253022075909648,212.1527786454789,0.6667719097838972,5,414.3908967985564,41.06250772798521,0
4,-7.2528253470830935,-71.2295031816643,0.591982592272906,22.75676358011565,65.89114851404238,0.09432742629104363,9,41.01319164924453,27.23154355535679,0
4,-7.233264979521766,-71.08647911291091,0.6503072879039321,25.24135134400065,151.51021777711705,0.7480047363714034,0,238.94259998882907,3.89282598043848,1
6,-1.467620380023035,-71.13291273686072,0.4002079235541331,23.304743892823403,375.8534898098549,0.812713619893062,6,315.41647030397,47.772409571903374,1
5,-1.4593211230858012,-73.53313449655349,0.5309565338744313,18.09394546425684,187.138387149225,0.7068378557805411,8,414.49780015302633,12.348058349594627,1
7,-2.791828532702218,-73.2503347206341,0.5193273365809298,23.402243040531623,241.34518219486893,0.9672635875263655,1,391.9513104645846,42.98226726763033,0
7,-2.7898205809137115,-73.21580721136306,0.7784382329046176,29.08408362965885,236.20758764448811,0.8266520574606404,9,139.25755560698641,8.44050028922821,0
7,-2.8312448670551293,-73.29642371632282,0.7719711842257461,26.343843790568744,256.65088143794264,0.9030937278765383,4,470.4992046100429,42.69714410709264,1
5,-1.4484918725989142,-73.5132009309657,0.7661443754776346,19.417638804612224,71.46583447514891,0.933571083457648,9,63.0485748740043,0.6614406452646993,0
2,-8.570355035973689,-79.42686794452595,0.10882529140997264,29.85995285571299,176.7616891795549,0.8013479918738086,3,437.6916756919549,25.589022828474032,1
6,-1.44663187846596,-71.17869290679323,0.6996363875751106,25.4351948283934,303.09489585889395,0.6742588420064991,5,485.49918455270466,38.472128971077844,1
4,-7.197740034284969,-71.08291065600085,0.706941112088804,29.784127064425466,120.19608787554402,0.005718581360789288,5,89.39960808809016,46.739775874639164,1
8,-6.824794680154897,-78.4367903013428,0.6427030582841136,26.12310126299041,121.25243214122615,0.4658257532231247,1,361.31096603768884,45.460106810324355,0
4,-7.19070628822546,-71.08854406694125,0.7050117263131621,25.83563822773116,53.53171234115865,0.571162298622361,1,21.102473870221232,40.98124347738224,1
2,-8.583016271744471,-79.44646371567985,0.773576297197367,19.473628592758175,203.1186743128734,0.3040302724479996,3,203.3059897444383,44.4095674830652,1
8,-6.840001536116852,-78.63602164510338,0.47625524328142854,20.343036263940792,358.95703323569774,0.31810444690347206,0,258.6253662996393,9.960984291853825,0
5,-1.4492269332910055,-73.52390883338275,0.5016401707907577,31.608353590952277,68.16533025555816,0.9611594157101652,8,290.7419677289074,14.209214785586438,1
8,-6.927493264142238,-78.52688960781778,0.1997712455291124,21.19881445456679,116.89154832360092,0.8917108652027459,6,468.0326868760312,14.448426246052925,0
7,-2.8377208806489853,-73.22687612018179,0.40830070643788946,31.684329651865152,158.52958841996428,0.8491790055017042,6,336.45309295980314,18.85269655008494,1
5,-1.4514912256258332,-73.49569923255545,0.6146921439294275,25.446777891339686,306.1036577974745,0.4060118017061106,2,241.15769765839926,19.666033519259436,0
7,-2.7385540380509528,-73.10167936427187,0.7243198209178197,19.90104665889512,274.2224574809053,0.013698550408914545,2,405.0278430966788,27.227766232733774,1
5,-1.440651910880313,-73.57101278525688,0.2737672781529685,19.3902308385517,195.58036660364925,0.08022224645571407,0,475.31587765625005,7.993988168322069,1
7,-2.7353997634385543,-73.0915981349006,0.21025831932738834,20.92409698988036,315.6741287404315,0.31219636821760366,2,12.01100819246313,34.562333189299466,1
6,-1.4955157198184184,-71.11064155365708,0.6304336036003938,30.958922620354702,263.37085407991566,0.015742912995676983,2,491.2781148557633,8.378326965225325,1
2,-8.548385128386524,-79.44458492077919,0.10150390681992852,23.798103140595174,363.6142798800267,0.017149781915198115,3,43.979937392776485,15.515424105227376,1
3,-5.990347270556224,-71.301230706955,0.24269806744586386,23.5360797519008,336.30936219854254,0.916603301642411,3,407.37900285511193,25.167256530307704,0
6,-1.5919146359845597,-71.19857539201935,0.123257104275163,22.384887654982435,138.4847621312202,0.7061585021190541,2,140.88704152315483,39.822028076173865,0
8,-6.787396883789077,-78.6010985672085,0.23350809428389674,20.058865907932237,145.00350217197007,0.30895599006815266,9,66.957649219182,36.97346166193636,1
9,-4.076432837100737,-77.62662819813067,0.2450554239404042,24.829916760693692,93.87476652733497,0.13264457760095316,7,220.48796421720363,32.276717820526116,1
9,-3.9335403396440847,-77.6355858941427,0.4101388758003154,19.82066895515594,167.93765400110976,0.5116357178950771,7,322.33433314435916,7.788663029008508,1
8,-6.828595455167671,-78.59010191290822,0.4218616997492448,29.696723309352585,399.840371551683,0.005346160854364457,0,191.09497066671403,27.352267280778886,0
4,-7.339584273302252,-71.17995769081784,0.7994099764881902,23.18555780785429,192.01290901527136,0.938413743858144,6,28.22813873306678,4.3723250899942725,0
6,-1.5900501131562208,-71.13322063628318,0.5080877699990601,23.24724994894515,127.17095214118724,0.4148151193889472,1,300.1311086896996,18.86815883983254,1
3,-5.959009939659905,-71.28052533607658,0.678723812489829,24.63608999876418,316.86900956644354,0.40233495523733276,0,451.2992347792267,20.67582651449796,0
2,-8.500158550014579,-79.55392949904467,0.18330988633622997,24.217787984320523,239.86485121192962,0.3905936075817822,2,192.2244676076786,1.9905719722876913,1
3,-6.0746772177569435,-71.29843851719575,0.2803510043709551,31.928011622830503,102.3605073344334,0.06932833038776476,3,108.95005603778269,13.699404973498591,1
5,-1.525990864938953,-73.39117224388012,0.6623547527829414,25.635335697056234,183.24138840630303,0.6383222397918266,5,221.84609562047487,47.78247336332447,1
4,-7.196974374557697,-71.18182522059327,0.14224316837482248,19.234823853058188,195.06440043877015,0.7330036196283534,9,25.132992813341655,47.681630391484475,0
2,-8.561531860523324,-79.46616912802818,0.4892781297950025,26.49628278207702,313.8403951992265,0.6761253975882903,4,410.42330465565715,17.616352712626966,1
2,-8.50817489220645,-79.51525463239484,0.5794951725303471,20.12218010017832,57.23497911216656,0.1384354933293943,3,413.34406466414316,2.155005447416203,1
6,-1.4516180040879167,-71.12548972548059,0.5817165152419849,18.433127026238786,144.15687637940866,0.5788401680355926,7,294.4122312513846,8.954746966409077,1
4,-7.143453083478682,-71.14656870112131,0.11834624901443364,31.590390151481476,231.1587054604327,0.5694844841722538,3,177.19834158025634,19.610889671677008,0
8,-6.814433155799117,-78.55688866855691,0.35768640338334845,28.829544481483893,144.09635985849516,0.868410787941382,9,400.0918988584459,47.38898489846149,0
7,-2.787980010330405,-73.24741550749691,0.6091925208393233,31.721525893792737,269.9519165966496,0.379127658375647,1,277.7888253693952,7.059953176859246,0
2,-8.578500889014089,-79.38776859249253,0.21919978891939476,24.690298272311395,218.6536177461158,0.3714859436594342,2,413.14022196645806,38.175792183410614,1
5,-1.503162981894842,-73.56900112911318,0.6563325186624427,25.451605436085664,176.5985892008532,0.6185270587181856,5,316.0979374989273,5.434126968734604,0
8,-6.865524993930068,-78.49459689669958,0.6967401670509397,20.356717382867824,382.2230194046793,0.633072653499513,7,392.41833113318586,49.06287886956384,1
2,-8.468847499502045,-79.56568972342865,0.8855753523569163,21.456703973346198,271.2558247152601,0.46928522732579037,7,299.68293361566225,19.080824955456748,0
7,-2.844332399256923,-73.14682215355592,0.26787359588512755,29.739689008639594,95.47948029377943,0.4430593623304211,8,207.65639303961743,38.7617269449528,1
6,-1.46257060095587,-71.10636293038178,0.7601045341328923,22.986599059646316,246.0320941051884,0.4941476706378827,6,479.01498410314264,17.129554140556593,0
2,-8.673134798384272,-79.40325657561108,0.5162372615349232,29.575409633149867,323.25614862031534,0.8610452995033119,1,271.01579861454354,31.383443857940435,1
9,-3.9495969065558008,-77.72052689557488,0.3987700769153388,27.926192140018443,297.97139412247907,0.46116690125391,7,302.9396697517287,9.600804237001837,0
0,-1.5520046945543913,-72.79477971112604,0.19790140586014238,20.480392953806117,110.23123025334078,0.9399317919698225,6,111.02333206795987,7.301050964848127,0
9,-4.030069248521151,-77.59707688739658,0.6884044851900302,25.10424912567639,390.34699966403616,0.504003763596326,7,313.19974392421096,46.903206978406565,0
1,-9.073079924626626,-74.13567665673911,0.28868607931494966,27.483422501262037,207.0847760113121,0.9492006931808914,2,286.23221709198896,45.88236389522167,1
5,-1.472784889953917,-73.51127421028762,0.39713760149843663,21.290521007253552,105.65875130909146,0.8328319018690757,6,93.23436057556545,44.37344701064412,0
1,-9.360448593552182,-74.11213663691956,0.15003378151789476,29.629639147281075,113.06851394485177,0.3624313226158291,9,30.733961579218715,31.271672508329672,0
4,-7.241881535174904,-71.17621029836725,0.7410935326556153,25.627587205632615,84.38224726617817,0.863641421296616,8,302.5753005376708,40.413410560813915,0
3,-5.964112107369076,-71.29674338896847,0.7132708191773147,20.313388706196445,331.231337952227,0.11006328420111522,2,382.08244240580996,3.4518468455687454,0
7,-2.7240528024749437,-73.20901966471861,0.68689266403385,26.161781966304435,92.71067301264702,0.9250471753430145,9,262.1772840900821,16.73945209453396,1
3,-5.994729108119946,-71.17976207876765,0.3395548083935094,31.995993258182796,93.79383999961142,0.6316435150828916,5,114.15954003450321,15.68515623785781,0
0,-1.5864848875650999,-72.83538579165244,0.23878405941276581,20.107300883287788,347.6650651662932,0.05439074852231118,1,333.59446636982443,31.78226609763066,1
0,-1.7237538856836658,-72.89802719776712,0.6100426115761839,29.434597021673394,170.61142955664587,0.6442567236508115,1,40.97275757819152,17.797888673532025,1
0,-1.6988776879687435,-72.99673614269034,0.4969331072905756,20.902326044625813,60.800266507825356,0.9742476541447561,4,221.47501869617534,7.42533908218404,1
3,-6.11460699963262,-71.34277310384829,0.24260197352371327,28.953436612441223,68.16335483144381,0.06980065461462892,4,82.52001244081167,29.823353770677187,1
2,-8.591147806798501,-79.43282430706299,0.648729016839891,28.284090923699786,99.75965634636344,0.5546877097800863,6,93.0450664788818,40.719196033454075,0
7,-2.785922713465651,-73.28826053477599,0.892901145457043,22.20685139840605,124.68767179149134,0.7477943497593724,1,101.94468062994362,19.10617472299866,1
6,-1.46496426219042,-71.14022819837218,0.6977756701936302,22.561523645902298,282.80116798344187,0.8102585866995313,6,193.96682146494499,6.613435754924085,1
4,-7.179212171343349,-71.20560447731579,0.6919891093484895,29.09529948748087,105.06419800063989,0.41382746532079584,4,26.523952604578415,9.834409865641152,1
1,-9.278627732357801,-74.11500521120777,0.8602502023444734,24.460237166422377,91.6060369119752,0.204166559168243,5,199.49892702361998,11.8741652584692,1
1,-9.275578282823558,-74.1164026848701,0.26234909405992174,28.231452401965324,317.6516995166977,0.042342278772383835,7,256.3420161102357,14.994879649726812,0
4,-7.212374112700263,-71.146296794378,0.5524399719371523,20.071778063121688,284.86934935097,0.5797261570972247,9,242.1638481981963,32.139753525315456,0
9,-4.01351973332327,-77.73218756450032,0.8837173720271068,29.935808946621748,202.36347750933265,0.4529110702676108,3,192.00926610111725,30.04727422688595,1
7,-2.758926204379429,-73.20354701898692,0.23223528877613964,27.952386033552468,242.2584200180364,0.948744395149711,6,419.7341574273055,34.80399307835196,1
3,-6.062004979751404,-71.30158940011478,0.6602015675556169,30.697199323687673,159.19440711424647,0.060604907714909784,5,73.51801951783155,18.125099226575657,1
0,-1.6896340707556106,-72.84978527554212,0.5686481167775216,19.853213306489614,218.87514708237623,0.6853953434460057,9,253.3426751469056,41.199882593998915,0
9,-3.9624453723645803,-77.67220683840735,0.5691832737509656,26.302203005048366,227.33542714396103,0.02496622212005717,1,31.958667061320593,10.204383057788014,0
8,-6.882401454281178,-78.58073630760586,0.6581365020160601,26.387688190564553,185.53304491233357,0.17143417671054273,7,36.50668376007696,23.452037375907697,0
4,-7.284351842853379,-71.15490771468716,0.8436935383005474,22.948450367654953,367.30027373525695,0.4535789999228341,9,287.3590589888711,40.046936077071514,0
5,-1.5368647114283542,-73.47889485510673,0.7260655518810704,24.41852994396961,55.62165274335215,0.4548724428028682,8,283.44319401902266,9.007932386630962,0
5,-1.455008622266402,-73.47953540204998,0.144908882732968,18.531741886057947,323.7599420819362,0.6857005429336439,4,439.138722909384,5.493155687039147,1
8,-6.930872620422906,-78.51144920049923,0.782182415900569,28.44204054077817,93.53399093446352,0.9102130348677566,9,279.3789641543765,44.18419838439949,0
0,-1.5950063872316076,-72.89408163192148,0.2804330639405861,25.690514711644436,329.1415761880198,0.6390321589149208,3,479.93571918202025,17.146483137959795,0
5,-1.5164168844018373,-73.474772437508,0.4015313317890976,18.808374726168434,265.56917048685244,0.9535350978515088,5,25.298729351564955,34.1935062454516,1
8,-6.8321262538464,-78.48888624592988,0.46938625088990577,27.530582501446798,345.14733182774086,0.8816156398779976,7,49.90583470558979,1.267430213196924,0
2,-8.592415284200387,-79.45094392840194,0.48472480060245576,24.534949081236633,84.13001397431411,0.5844997955307902,2,22.988864923620316,34.50234442047248,0
4,-7.268366692176326,-71.12702929924585,0.44814431940428545,18.48245763195,245.64322193492092,0.8337919509188273,9,93.45314831643647,15.805065577348525,0
8,-6.850631860580294,-78.47027001092718,0.8498826353726916,31.574508175873333,225.38075809176897,0.642577610323634,0,271.09378535989737,2.787042679372087,1
4,-7.170015449825713,-71.2448733089673,0.6648152061312197,31.287570003252167,297.16761403717555,0.07855783092372715,3,323.1405185322866,30.49063807740585,0
3,-6.043002423075536,-71.2183766870747,0.6049365167653651,25.180633826060767,237.00169316278652,0.74056472325951,3,23.74699381638573,12.040190803658662,1
1,-9.235075899170837,-74.10247411167575,0.13987362222635324,19.311413889882743,239.25709849658648,0.09490844126734621,0,473.03947403295405,19.340362102594,1
5,-1.4415260521326096,-73.54430522516806,0.8231306642082998,28.564697102380286,200.35858025162264,0.5940827805697124,8,421.24052294854016,4.029040614325679,0
4,-7.18057826066393,-71.11220274695656,0.827512153606717,24.887035401480208,158.0920484025693,0.7026402058582288,2,149.00962859638946,7.358162554747266,0
1,-9.233726617483951,-74.13951154523801,0.7241704507440819,22.23426469605132,218.79252643826726,0.06652760821085524,4,39.51657758300751,14.898861774792188,0
0,-1.6870386032333127,-72.88707821322015,0.10562336305089533,24.879854485399793,91.4723255689402,0.23079465392653176,5,85.77364953630958,4.487975028007857,0
0,-1.6607318106367965,-72.8993638805275,0.14582420086209869,25.314218035676504,386.52966864407966,0.9156722322616498,7,64.34526246373136,45.54131323431576,1
5,-1.4914424947561669,-73.47360401656921,0.2801789618147918,25.877963786312748,300.0437672693094,0.6163144922328964,5,62.518605870174476,0.3023521591989209,0
6,-1.4599483427187285,-71.19414553187039,0.20507952651592537,24.177131991174573,383.36349084074635,0.24628601881053158,2,259.7622826442012,24.19301094321557,1
4,-7.282318144518796,-71.10725255957514,0.4190688237629836,26.480574243946794,129.35458381548713,0.6906797711480066,5,123.67787380420674,6.1623729066275725,1
8,-6.849077965726866,-78.5267308108388,0.8380984464702318,30.862285948489284,357.76935706178483,0.5967764199616896,0,179.71171854804308,15.383954473897427,1
0,-1.7007797794175856,-72.89219001557862,0.47764834735759865,23.071753219380277,333.0764945972385,0.5015756999179484,3,494.7631613587769,46.30297799091328,1
8,-6.817642664120278,-78.48214389759836,0.1107221011457325,28.160030485079286,287.0033443601858,0.9761869749880837,5,342.47281021374704,8.084727663699343,1
4,-7.256228015645034,-71.1683041291885,0.32619655166300965,30.522335795539252,268.76021512982203,0.6834537774075089,6,474.54135285645367,48.29161598591663,0
5,-1.5146524085462965,-73.44131511751301,0.13567592669836923,24.383709860639115,160.7923828437545,0.37544110966791266,9,72.13572096152468,10.289718849471086,1
5,-1.4596269789661627,-73.43974431123908,0.12903009809080174,24.208381709346657,335.74377473776076,0.800073432076868,2,191.68759794145205,37.078305423341476,1
3,-6.029923441091721,-71.33229007107892,0.3205758824764418,26.429637794966915,225.53041151790683,0.8845832929211878,8,277.8111698378948,27.333863244865586,0
8,-6.749104463374861,-78.46432467136792,0.32048987094315634,26.279694631914833,74.81205156194987,0.12522055951683142,6,39.30227288248027,44.22393637983796,0
2,-8.642359783526619,-79.53109755976817,0.7297012820812833,29.292250792567877,159.5021062992955,0.2005529778452665,0,3.089534370350975,27.699662775156547,1
1,-9.226309384135227,-74.06101647359269,0.8798677222248896,24.670767372896098,377.35398449086466,0.2162270091277797,1,335.54673256466185,26.727960957815434,1
2,-8.504412178750288,-79.35657790158156,0.39696567511199865,31.945721294952175,347.7380912116962,0.6912118093865404,0,321.26793888391626,9.772900018419994,0
2,-8.58981034914527,-79.41425403927961,0.4431095030888309,18.83260196414193,393.6669943267887,0.6030395550532833,8,205.98361618980627,8.311468102582936,1
9,-4.028915235294999,-77.82031550438137,0.7758315490288172,18.044349880129825,269.7976839114343,0.6189915646985882,8,245.33239393998429,45.82445755577571,0
0,-1.7084078409913646,-72.82080160543492,0.31451121607641075,26.962776361834734,136.62852559914418,0.940773299689501,6,208.30605729545272,16.391909942501705,0
6,-1.5561951092920752,-71.04257142644798,0.22510544352275838,22.178088773066275,106.98526738690232,0.775911532807306,9,12.97851737759954,18.604112748144797,1
9,-3.91590211169247,-77.72761805419628,0.7824716987229204,21.365353441792774,115.42005421296157,0.12793692451178318,2,168.35043150251374,37.99118292141942,0
1,-9.248282898573285,-74.1213306659383,0.1372004691520524,22.366587120059926,56.928480421539035,0.347507082425181,4,89.36404544324763,16.941174121140367,1
6,-1.4979984072995824,-71.21430221084111,0.5957595521595326,21.58466591146936,186.73873884507873,0.4353936461757356,3,50.113670361583004,47.60312233195014,1
0,-1.7710695123255569,-72.85837592046323,0.5495942779734454,18.43106069524627,116.99968817483987,0.3959615887476049,6,478.40349651078554,36.89638844994001,1
3,-6.102319464155625,-71.20209102004081,0.3767363580013554,31.60146259346824,194.07941115984585,0.6693086091618792,8,300.08050279604066,29.871462128671,0
0,-1.5915951208330934,-72.83909303499675,0.3521516168778872,21.090436838338945,377.24805114356786,0.8918931032565626,1,364.59948583406475,44.04475802723763,1
7,-2.808863379482405,-73.02508438884215,0.717486180945297,28.27641667625029,200.6890733275165,0.306051463522788,7,158.36650788979262,2.480295417474138,0
9,-3.9250623015617494,-77.7108151199981,0.1691396886100372,28.676349525718454,357.2945739446922,0.5518771364211856,8,197.1804176175136,12.853134609460437,1
8,-6.8109374227033115,-78.60132134984983,0.2894274474491083,31.00960357210121,261.92666831555675,0.7894094219135857,9,119.22507295446502,23.251816711045496,1
4,-7.2726356372051555,-71.14377774249412,0.6859589854704718,18.42769239930732,136.49604413148717,0.41621805884534935,9,49.38586981174695,11.34892697357605,0
5,-1.3604045337540513,-73.60954654704175,0.5386564669811394,30.208676738258106,174.549165740724,0.16811812839929585,8,90.33678708335032,37.195259365107596,1
8,-6.765450414914741,-78.54644287772228,0.20239056682686912,25.381166531757202,79.3718375375003,0.47495096526374825,9,398.9595086029464,45.96040155268626,1
8,-6.891125366800955,-78.43856857854905,0.8057084914256482,26.85561753952159,166.71190775860367,0.05522252074302847,6,339.09535678670414,21.18850599654617,0
6,-1.6540073152775652,-71.1386211923132,0.4147582772508733,27.022583879694473,287.13933092623694,0.9423834540022769,8,273.91750911675297,17.10663000559475,0
4,-7.240431227673712,-71.14335545043097,0.7622947002577383,29.477169269786184,75.23888252530232,0.07482120519497304,8,238.06984656051728,48.07753660687831,0
4,-7.210689810070436,-71.06128727223677,0.730170412422167,22.667702510227546,121.89049296731027,0.43845671525057817,2,461.2947075444061,22.242621641377042,1
4,-7.250990574915293,-71.1658562856557,0.5995403571773824,28.262716658039906,183.50436449465903,0.5298812610885262,3,37.29473894155553,24.45242002246416,0
5,-1.4929730250209856,-73.42563293813441,0.4955849050360744,25.40009353611076,393.7173379555869,0.9853038322872855,1,141.01980580572007,17.582493617095267,0
9,-4.024820244874895,-77.70600112338808,0.8836406723054056,29.10751620027487,324.7016380356081,0.16602182364286078,9,175.6189889317863,45.477423650606916,1
5,-1.4358151842690574,-73.46972158560817,0.21597205790385365,31.867644458781868,306.72036127223635,0.11443151861235856,2,391.4304802941811,28.447774164092536,0
9,-3.980205681039577,-77.77333171493954,0.6801245820408919,20.809114243652658,90.6668347839061,0.008706147062543579,4,496.2647954608237,38.10872935908223,1
9,-3.935811639910857,-77.73656881188779,0.25295256117183124,31.92508098183997,323.348562765247,0.1555714368693023,4,121.09458686381937,40.590335917544316,1
6,-1.4144868829991741,-71.22475378638698,0.3706104842658787,19.257370159958835,324.8440840306053,0.20727297906766762,5,437.2793597344032,17.09245209586291,0
7,-2.9327348409917664,-73.1869449916178,0.34695899469855623,18.032445670667393,260.3859434685149,0.6305809415830923,6,415.48075745546384,21.684716566019002,1
5,-1.520423030728455,-73.46920384158531,0.8576287901909785,18.618267106489636,396.6266236994302,0.2197067903914004,6,113.10404142324154,42.423588720313234,0
4,-7.2538060878585355,-71.20782819632711,0.8738849422306202,22.784953666314664,163.83886707359318,0.02052081472932521,0,200.26695751941207,18.16276758379051,0
3,-5.9020654175480916,-71.16309093303373,0.24641235538778172,26.86068862949808,379.44535688464805,0.8266183455024887,1,205.42676177696703,39.696756672592564,0
0,-1.657414340264032,-72.86007459044961,0.11762812823800335,18.966413572429893,370.1558902347763,0.36559570100396677,8,489.1321135947526,47.04961612872186,0
4,-7.181976593358355,-71.14943651179328,0.6760064317304906,18.079321403413942,54.01823091228224,0.35369668658073394,9,91.26505878807026,31.16051865340035,1
8,-6.9569716331585285,-78.48130479391178,0.4343919470963875,31.119274398423126,207.54078426618386,0.30247902916792657,1,399.7798275812862,37.08136437259444,1
3,-6.023473262907655,-71.30699628321126,0.17107219607005153,29.506972903159014,391.9864815680507,0.9753732771464209,5,167.76216437238185,40.254865602056746,0
6,-1.4266824012037582,-71.14670400078641,0.647003284461634,29.328564395946433,86.09247684282653,0.17011541730928148,0,365.70430254230405,42.25198244483212,0
5,-1.438798665933742,-73.52456726979901,0.5360844226085598,30.381939857027678,241.7246430341618,0.8982380639532351,2,210.58549114353576,19.752666892839798,1
2,-8.529724681053088,-79.38006176568862,0.8844134576008849,27.80047981880946,392.6351274643864,0.776803332139888,1,289.6015217951535,2.5631729587999086,0
1,-9.231152006158208,-74.17252746740667,0.28192759668910317,19.46165781647314,244.42339843705105,0.07647995549931308,2,416.47327488973946,20.093813561836978,1
7,-2.8209402317561616,-73.17902446474118,0.4231823010612386,23.587402633032124,116.43535604025459,0.9867291015008487,4,402.2786169269582,33.68781148920449,0
0,-1.7495279173445377,-72.85751410214662,0.5340366427163383,28.124092810504813,253.76413053240643,0.27136596353901055,9,433.34516858631036,22.51751928903964,1
8,-6.90796368895416,-78.50004639425867,0.7333599907626813,21.924682451081292,121.55420088234139,0.09858292702241234,5,30.74904534698485,37.448157543019924,1
9,-3.9718401452385965,-77.74152823080053,0.539070925376047,27.623689097907327,231.8964920130695,0.8293142341257594,8,346.3332259668327,17.849121473433193,1
0,-1.7006633989553583,-72.91875536151147,0.5903201286895594,18.342978275747132,75.9147762693218,0.7066755336776999,9,70.85370098415967,31.737207055201477,0
8,-6.828495132343164,-78.54812744013137,0.2809176412719526,22.285922772314304,261.9189342250416,0.6172188058779008,3,208.49346544118708,9.320990242698729,0
1,-9.208462903969721,-74.09317922822629,0.777534982470848,25.687824707880416,230.87647869485536,0.15598086369893316,6,274.74561911228955,37.46847183224784,0
4,-7.154236110440409,-71.15951857961814,0.44290443757638065,26.849257613087392,309.0564790665121,0.4784961162559619,5,201.96700288866853,27.284798440651294,0
0,-1.6169519173014195,-72.83416945098159,0.21276770201741543,26.07856930246675,270.74516490557477,0.7805560268872138,1,260.2862262257007,10.20321942733003,0
5,-1.4705338497300213,-73.46487377281137,0.631350331604334,27.768587865028014,242.36219398576483,0.30362393814384026,9,498.26662809051095,14.595558674890363,1
8,-6.825538022991707,-78.63363331638404,0.27287236254824604,18.085242475357745,291.4225972368424,0.31168982851504146,7,68.4734395427145,37.43043542909162,1
7,-2.7737635546724513,-73.16980784786467,0.1780500081914398,19.4131767996853,100.3796697502808,0.0031409060481221163,6,338.0525666228763,24.130061783076034,1
1,-9.257173895778363,-74.007072761546,0.7895895267234179,30.16521953190803,258.3758814405114,0.17424340164537955,6,198.604482226422,10.80157201965361,1
6,-1.4920636002255612,-71.08861442219286,0.46812981159075173,27.544481017262257,110.23871098797218,0.8754056251218343,7,67.37188965475706,48.36355951851488,1
9,-3.988228644927675,-77.69136581411104,0.6994269701566211,19.581042997604158,373.9327727481583,0.4417464916377071,0,80.20964492378046,35.75625099084439,1
1,-9.255578558691182,-74.1725651064603,0.3324700478450841,29.78904212358011,73.91693669596147,0.984234499234434,0,474.68728001656285,47.85674162698981,1
6,-1.4248127030563968,-71.1310001889385,0.7295761079341331,21.391237049543935,200.63116239177765,0.39570796357379256,7,439.92114685916926,21.35525226801716,0
5,-1.513262447270615,-73.4517364617872,0.18954874161722426,24.69563837873313,293.5291171794057,0.7151864547802412,3,453.6139382470959,23.755017034586025,1
4,-7.160022049606517,-71.16501362511391,0.3847786990358822,20.032751180385244,210.30777408389056,0.28191904290472913,4,495.77485513786587,44.89776080925096,0
0,-1.6832132685530674,-72.858142788464,0.8824494543788228,27.941540789903893,82.23333863151582,0.3638096411409335,7,104.94937961425046,26.252467012269232,1
6,-1.4519772181676032,-71.07939475182498,0.7351917730944049,27.335961894199748,243.6826556443476,0.19072598759089465,4,178.36422934466682,35.36394559528336,1
1,-9.22348127404482,-74.16245922092389,0.4978047442517506,20.955574596325906,274.5711680895741,0.347062368499395,9,334.9402959325085,12.608643874776499,0
7,-2.8728176532020173,-73.2350977179545,0.3718219772495081,30.087610735998027,296.3273088466777,0.5472375204206431,3,242.41746739046297,22.336323435132027,1
5,-1.4828914066612893,-73.45408899248142,0.7977085600179813,23.61828433907597,180.64093506196562,0.9917728809792494,5,209.77637715578842,6.172493290517755,0
3,-6.0139518589600005,-71.24267274735806,0.5358782072676126,22.095211274990387,247.28098986006677,0.6642017130717857,4,179.54781341846092,10.299001793848085,1
6,-1.4788116846650958,-71.10343595997415,0.7067400142952889,20.132614252503497,207.7402662286196,0.19924595440831405,6,297.2965353397827,0.04717076338155435,0
9,-4.050522670983319,-77.6839767815512,0.7032861442529312,21.726352175217524,285.2196135632887,0.04496144159155113,9,288.2211208914009,1.9632525824330116,1
2,-8.475823190822597,-79.48638351435179,0.11435654285479346,18.30837689713344,254.2449385636865,0.1263564813145106,6,81.5674591980558,48.86419115884647,0
6,-1.4712120761664842,-71.13326824217151,0.20100302623409078,26.165604894385616,234.0146768456972,0.5625552012730474,3,236.3981789217011,12.117684756838115,0
9,-4.0231024718161805,-77.76957279931119,0.6277034931157939,29.79123044881527,137.333528393387,0.7651603288167663,4,277.1824163287151,33.165535475200095,1
6,-1.3945586491362072,-71.16739381033143,0.22929584902869715,25.685726292182984,50.70648121188187,0.9404192073007469,2,285.57318242696385,41.95498493998058,1
4,-7.191735132690492,-71.12718632952422,0.30439467572448375,21.06983546693426,110.92858635900024,0.015823171996820817,3,105.84348926326355,27.533022961828213,0
1,-9.291810531303044,-74.137621210773,0.8573103633596858,18.471368494994216,90.97311449845903,0.5227601415618698,3,371.3934247338911,7.65722500419781,1
7,-2.8762434001074277,-73.05878012859505,0.5481458066999295,21.00479302562324,207.17966075383137,0.47086735622317677,2,13.574348315713747,36.40582186680832,0
1,-9.242921767477355,-74.21420471237799,0.7005836055994777,23.825699992995293,264.29035276664564,0.656055021975704,9,178.06109591603817,30.012570504979152,1
9,-3.9685219941155134,-77.73984098999632,0.5463845910261119,28.63456000179715,124.57975303968286,0.559578854465342,4,390.32611161928116,36.562529467368755,0
3,-5.999494043959334,-71.31243887086146,0.5420108918261802,20.629799935528837,378.6699835885155,0.6870391505824806,4,282.38256760664575,38.48733114285436,1
8,-6.815428120718375,-78.55480512185196,0.17532152810055834,28.077080346965605,52.33874522836072,0.6580825847491903,6,131.32005382291925,48.770518384237256,0
3,-6.003655415212523,-71.29769979034201,0.3749305540872825,30.137068556926373,320.30535530787,0.1170117248579462,3,347.7816065521808,28.6781640013355,1
9,-3.9160500441259547,-77.77878750648934,0.3259447189492094,24.355255873517,268.8216693356548,0.7997179136187196,3,284.12808113388064,17.082055634530093,0
3,-6.024294377548507,-71.22791477173934,0.41258269249089063,29.500047882996306,180.74418036668868,0.12323257571632484,8,398.3255611187372,32.42322784501185,0
3,-6.068616004556442,-71.29290464403732,0.7386753505794627,25.765202872491336,67.67113054434277,0.6985306252091371,5,367.7775679087219,3.4220354621313067,1
1,-9.231969574965913,-74.11141683315738,0.3975461343334919,26.91927171913267,269.62030012449776,0.4161453676406067,3,305.4438530960811,44.86986591607931,1
0,-1.6683136416263378,-72.89572117949973,0.46135745538534617,25.367898444734838,184.9647295029768,0.5138507345765979,1,244.6006599800962,5.969050566909839,0
6,-1.6045078217926956,-71.18942189535909,0.41790511238825323,24.484418034518786,377.6934987946267,0.9032980143757106,5,67.45788070809418,16.392141894290912,0
4,-7.250672966131291,-71.0687123292682,0.17472637758023649,21.285148184861892,239.69652621141807,0.8898837264734866,1,131.4051759248065,40.787269031306046,0
5,-1.4661867335392273,-73.44257734967066,0.452857726600627,22.244716832454646,378.8780289527279,0.8178563056550295,4,210.13063698562556,29.865618916535592,0
0,-1.6860753868696374,-72.96738991140198,0.256487418435612,22.059581665210526,127.16929271565644,0.5101483804563233,5,300.05034421618797,19.681776013872103,1
6,-1.507907518400721,-71.25358474716158,0.24937863661843318,25.886045033353405,304.00406862743614,0.7362398101338331,3,257.3402197524371,23.67178296875107,0
9,-3.9378185332677766,-77.66033603036456,0.1752288835474131,19.679351702334458,266.03715729705397,0.5128970555188094,2,144.8040784538052,42.72736966010902,0
3,-6.076461326771303,-71.2915425487454,0.3853367793134118,30.83508366983269,308.79288044095915,0.8696060824747774,6,4.225714537065565,17.00021930299461,0
5,-1.4463157876632087,-73.57117807547783,0.7059855078315339,28.089172033963585,125.13375239038787,0.4027758332328999,1,248.62337172850616,43.482484240608564,1
8,-6.929574268234218,-78.46750092485205,0.3211533524667169,23.62023883278471,282.7480806832208,0.9702353444148768,5,143.5273682925593,4.406721548834574,0
3,-5.892595938746221,-71.257093676663,0.34987928150841086,20.220738023369293,224.31413756990415,0.9323227582288776,3,367.569542054557,38.83992186043154,1
7,-2.834802939132497,-73.16960418346493,0.6141397261379389,30.347890376102903,309.9887412172107,0.7416026194517855,5,12.949186369971262,42.377381652736815,1
5,-1.4980601846515527,-73.44824699518082,0.2566726500695351,29.532893261416312,164.46562545313623,0.279415884176072,3,292.82907784158965,9.090882641866937,1
8,-6.805783749550307,-78.58528653939318,0.8175663443388275,28.10410173804051,361.5199589128384,0.1316535887932584,3,470.79564451552665,21.51732661861002,1
6,-1.4965322923498934,-71.236452915814,0.5161524186012436,21.801658663757394,79.50546011397263,0.8547034500931975,3,88.03022428863825,8.27498873318278,1
5,-1.4091505297704665,-73.40967624403596,0.4580823522561736,23.634252924071365,332.51626157691584,0.16530228613796127,8,236.3530958845471,35.330206449710886,1
6,-1.4570173587852446,-71.2267362127819,0.5462561535433611,19.43847553433393,351.4618690352818,0.8542607889973357,6,46.619573916751946,26.767388403082837,1
2,-8.566814548026217,-79.51910765104685,0.23282745073295638,20.646553346185446,336.0383089783874,0.49076500671236045,2,313.21527421841495,31.76616733541605,0
2,-8.572144948167425,-79.50911753017036,0.590778510911341,28.96223292243426,229.4542379916216,0.4065567838081042,2,275.7153086175166,9.824348347810558,0
3,-5.970254427011017,-71.16155258298343,0.39048058930720836,28.010542063909572,203.43474301076645,0.9031907788344291,5,204.27539658220334,10.587293102620976,1
7,-2.812494302057259,-73.15751357268597,0.8177490727716952,26.308800681663087,398.69180028370687,0.6038509825402779,5,261.16713371539686,2.074866275495318,0
1,-9.210186594923425,-74.07132510121504,0.2350833653421489,30.54017416296642,130.21018292495674,0.5766140071297178,3,448.3907545760361,16.103376759786485,0
7,-2.7969685691572526,-73.17237436042761,0.5056408830923529,26.165731249382635,241.40658805661562,0.5587659446243977,8,98.95085685322245,27.987233066683746,1
1,-9.22515522222183,-74.14968986049686,0.5784901034952145,24.53755199949055,284.73643388381396,0.3711695160195314,3,12.25969134096827,42.89674569986644,0
9,-3.9573937317405057,-77.68090190798338,0.126706881429105,22.765190448280677,295.30367255150117,0.7856431035291273,8,430.9707774648514,33.346372372934034,1
6,-1.4815132214436206,-71.23270867328462,0.3909544998049122,31.166279080306417,121.40863300850255,0.252798444015773,3,288.98142411156533,21.76981616998757,0
4,-7.225095054767837,-71.20709046367736,0.6861081877606663,19.15801646134095,278.89793231893043,0.938894960041275,1,445.4385692754594,47.65600571970689,1
9,-4.03934308945934,-77.67581771318332,0.7563020059591787,31.032423208851316,336.42934826846806,0.8939852050469608,1,298.8756664831731,35.96226002879159,1
2,-8.546006640452987,-79.52585852273441,0.3505295958538259,29.574005239034257,67.50650188738928,0.33748032567489816,4,405.27038388989155,46.5082601431275,0
9,-4.069364393393616,-77.72192054560448,0.738874617906201,19.819018943499817,369.0324526638608,0.7294637698316637,3,215.4070083142188,26.379398663608285,0
0,-1.6506867050785026,-72.88115550862199,0.8742047016827111,25.90978100745355,60.326419300822074,0.5732231944495915,6,375.1801057128461,12.94521373965698,1
3,-6.044664836340772,-71.29198297933482,0.7854991488600753,30.131671744487218,174.58986137093802,0.3376493019992346,4,456.60769197803813,2.6413343182360993,1
1,-9.213072776010415,-74.21715142367925,0.19411519052746018,26.005328290500152,55.53461868153672,0.9885216479954467,5,286.48935889738095,36.30424257419252,1
2,-8.61333606970299,-79.48944220575251,0.6917842656684325,30.70079750184871,77.00080898885365,0.025237345848264203,9,91.21179013062739,6.065149900276706,0
5,-1.5878647885886819,-73.52997237762774,0.3557334659524358,31.201773435424595,368.9088998130277,0.25264603062128665,3,135.1300099000689,15.138756413598358,0
6,-1.493140315658248,-71.1468058815804,0.8907327915296612,23.913383310580283,174.20129076115174,0.5200740611111504,1,100.12364387180548,26.62354539419487,0
8,-6.915232678137658,-78.51426315454408,0.4882871865279097,23.28239125968853,198.6700356487685,0.5219530034785639,9,124.18165677027072,28.220829388987383,0
2,-8.64992248715943,-79.43909768819623,0.19794711868715284,31.108496155568197,125.37053348389342,0.5889330749455641,8,153.90130922616714,30.0291598493568,1
